first_name,last_name,job_title,department,email,address,phone_number,salary,password
Emily,Chan,Clinical molecular geneticist,Nature conservation officer,harrisvincent@example.net,North Joshuaborough,+1-316-560-6134x333,43896,TUn52VWk
James,Holloway,"Geneticist, molecular",Community education officer,nburton@example.org,South Troymouth,(291)652-5755x9472,54866,KJ5fW9vl
Brian,Mays,"Geologist, wellsite",Financial planner,normanmckay@example.org,South Valerieland,771-612-7069x289,8630,VzN7DRtO
William,Lewis,Risk analyst,Television production assistant,bryantbrandon@example.org,Wardburgh,+1-409-984-9900,29327,bVxyzXxr
Wesley,Cruz,Recruitment consultant,Science writer,hgonzales@example.com,West Reginald,+1-741-534-8407,95040,V37LkORi
Brooke,Taylor,Chartered management accountant,"Surveyor, hydrographic",michelledoyle@example.org,Benjaminchester,+1-740-738-4751x6026,49129,3s5XENfv
Jacob,Stewart,Multimedia specialist,Customer service manager,kimberlygarcia@example.com,Gregoryburgh,(472)235-7059,93422,QMfB6Cqd
Traci,Abbott,Mental health nurse,Control and instrumentation engineer,tpark@example.org,Lake Gregorymouth,+1-610-720-0369,73347,ovwCFMwU
David,Neal,Trade mark attorney,"Administrator, sports",steven28@example.com,South Maxland,(684)743-1347,70990,L9HRpp9p
Selena,Kent,Oceanographer,Medical secretary,qoconnor@example.com,Myerston,677-549-7434x430,22068,quj8nyjR
Christine,Adams,Ecologist,"Engineer, drilling",michelle30@example.net,Lake Zacharyfort,+1-344-409-4084x5787,35804,AwR6fX7B
Mary,Mayer,Social researcher,Adult guidance worker,george54@example.com,Port Garyshire,6625585460,82329,6ot551VT
Paul,Henry,Transport planner,Transport planner,bellmichael@example.net,East Cassidy,786.450.3325x76467,60962,Btni6iUs
Justin,Moore,Research scientist (maths),Media buyer,elizabeth50@example.net,Barrybury,601-689-0773x713,90603,PvgoDjkm
Nicholas,Black,"Engineer, electronics",Data processing manager,tylerarthur@example.net,Ballardshire,326.278.0966,86833,jgm8EhYL
Ian,Rodriguez,"Buyer, retail",Equities trader,debradavis@example.com,Lisaberg,(395)784-1129x85544,73291,R7hZDDiw
Erik,Jones,Diagnostic radiographer,Veterinary surgeon,michael72@example.org,Joseburgh,+1-733-988-8829x967,80706,KTqiEzOX
Tracy,Patterson,Occupational therapist,"Horticulturist, commercial",harrisjustin@example.net,Brittneymouth,(484)343-9872,18799,2PjEhmo9
Alec,King,Retail manager,"Scientist, forensic",mclaughlinjoshua@example.net,Mayfurt,+1-315-706-7151,18477,4HIGlX2k
Christina,Smith,Metallurgist,Clothing/textile technologist,justinchen@example.org,West Josephville,4825211121,44329,Redul8PG
Douglas,Roberts,Dentist,Armed forces training and education officer,lyonsbrad@example.net,Loganton,(802)787-1965,45587,mdX6Gg43
Angela,Johnson,"Conservation officer, historic buildings",Prison officer,dmelendez@example.net,Stefaniebury,898.325.2583x150,65662,5RzjBmEp
Ashley,Hill,Estate manager/land agent,Medical laboratory scientific officer,fboyd@example.net,North Jorgefurt,(789)209-4151,35546,N5N9IcGn
Thomas,Baker,Pensions consultant,"Production assistant, television",fanderson@example.com,Williamschester,(810)677-4989,78880,fuNKjL6F
Teresa,Walker,Naval architect,Private music teacher,bjones@example.org,Gardnerfort,+1-712-906-6285x8691,63428,lwB7fA8u
Clinton,Rodriguez,Camera operator,Health and safety inspector,pblanchard@example.net,Taylorside,559.386.9015x8494,50583,4WexTaTD
Mallory,Webster,Energy engineer,Television floor manager,christy40@example.net,Port Kimberlyshire,+1-631-914-2966x16955,63110,rSRraz1s
Jessica,Ibarra,Aeronautical engineer,TEFL teacher,hernandezjames@example.com,North Marissaland,915-450-6970x13822,40388,qwAF63LU
Tasha,Harrison,Field trials officer,Sports development officer,marvinjackson@example.com,South Robinstad,4723899656,11298,Ck1IxNm1
Kimberly,Nguyen,"Secretary, company","Programme researcher, broadcasting/film/video",heatherhuffman@example.net,Farrellland,301-465-5282x28236,81228,6EZmwJuP
Julie,Bright,Furniture designer,Horticultural consultant,michael92@example.org,Port Lisatown,966-329-0903x39612,80230,kmmegtvq
Kevin,Porter,Film/video editor,Race relations officer,brian01@example.org,North Michaelshire,001-645-425-7982x067,84524,TG3P6ZUx
Stephen,Sandoval,"Programmer, systems",Sales promotion account executive,ronald22@example.org,Morseberg,200.804.2119,32486,z5CRsV8J
Kelsey,Morrow,"Scientist, research (physical sciences)",Sports administrator,charlottechavez@example.com,East Deborahshire,+1-789-249-5743,43943,msYQaHLk
Tony,Curry,Magazine features editor,Barrister's clerk,sharonmitchell@example.com,Strongville,241-874-5599x5235,84832,4w1smj2U
Michael,Martin,Clinical molecular geneticist,"Pharmacist, hospital",millerjennifer@example.net,Jennifertown,737.580.2947x2344,87716,e4Db2C4y
Eric,Perez,Financial manager,Environmental education officer,uwest@example.net,Duaneshire,6368781315,94243,9mSBf2ki
Calvin,Crawford,"Teacher, early years/pre",Cartographer,laura05@example.com,North Ellenview,(654)607-8327x63713,82155,P4nRmSTV
Patricia,Gonzalez,Arts administrator,Nutritional therapist,reedtina@example.org,Lawrencechester,(564)926-1119x5746,23566,9Ss4eS19
Tammy,Meyer,Games developer,Air broker,dallen@example.org,South Lisahaven,322-820-6033,1756,dCsDaDmv
Barbara,Webb,Amenity horticulturist,"Teacher, English as a foreign language",bethrodriguez@example.com,Lake Erinville,4045778364,40607,mma3lPZj
Devin,Huff,"Conservator, museum/gallery","Producer, television/film/video",garciarobert@example.net,Alanfort,001-423-447-5090x144,96469,sL1XCQac
Megan,Smith,"Therapist, nutritional","Production assistant, radio",brooksalexandra@example.com,Thomasside,(288)940-9011,19586,Nz5DMGm1
Kristina,Mathis,Chiropodist,Musician,brendakeller@example.org,Lake Kevinborough,001-605-904-7332x369,18700,en1XLBgz
Morgan,Sanders,Magazine features editor,Chartered certified accountant,kaylee90@example.com,Fordhaven,2889108905,10094,hyhjXTGG
Keith,Stevenson,Farm manager,Intelligence analyst,clarkkathleen@example.net,Hollowayview,(774)361-5344x197,21307,rD8ufmTH
Nathan,Elliott,Public relations account executive,"Sales professional, IT",nicolehuerta@example.org,Mckinneyland,(918)868-0062x15463,88751,HaHwDuCl
Jorge,Hendricks,Warehouse manager,Manufacturing systems engineer,crystalmoreno@example.net,West Stephen,(264)413-1984,8282,mNqSjzZy
Daniel,Briggs,Financial controller,Paediatric nurse,lisa68@example.com,North Peterview,+1-341-471-4887x7274,10191,zFmF6PAW
Tonya,Glenn,Nature conservation officer,Charity fundraiser,adam79@example.com,Garciafurt,275.668.3526x431,41366,PQdRe7po
Dawn,Holland,"Scientist, research (life sciences)",Learning disability nurse,amandahall@example.org,Lake Brandonton,736.652.9642,21220,KI8NME0E
Carol,Gomez,Holiday representative,"Development worker, international aid",brownashley@example.com,Vickieshire,(463)865-9636,47286,0u5CJxoZ
Angela,Brewer,Warehouse manager,Chiropractor,nellis@example.com,Brownville,001-625-929-2154x42845,50881,nGzmF72F
Christopher,Morales,Accommodation manager,"Engineer, production",smithkevin@example.net,New Danielstad,567-625-4595,20593,7WasbWzJ
Kathy,Simmons,Careers information officer,Jewellery designer,kherrera@example.org,South Scottville,568.858.1478x099,4569,CycrciY5
Hannah,Andrews,Tour manager,Recycling officer,matthewmacias@example.net,East Terrifort,787.585.7315,14057,GeJReUar
Alexandra,Marsh,"Conservation officer, nature",Tree surgeon,gonzalezgeorge@example.com,East Yolanda,(918)820-3880x3178,63941,SRR9zKaR
Patricia,Mcintyre,Learning disability nurse,English as a second language teacher,owright@example.com,New Natalie,522.320.4152,75359,ggrFTVe9
Abigail,Lane,Market researcher,Environmental manager,ugilmore@example.com,East Samuelhaven,001-242-927-5527x9723,76409,HkoOe4Eu
John,Mitchell,Public relations account executive,"Programmer, multimedia",vbarton@example.com,Baileychester,732-477-9682,93386,lbmn9eSh
Misty,Brown,Sport and exercise psychologist,Product designer,alexis37@example.org,South Christopher,697-470-2165x6579,5183,hn3iyFmF
Wendy,Flores,Call centre manager,Best boy,keithharris@example.net,East Gregory,6302525281,46750,a6qezUWu
Kevin,Gardner,Merchant navy officer,Network engineer,matthewwhite@example.com,East Brittanyburgh,8634485639,54473,G4SrYm0v
Andrew,Ortega,"Solicitor, Scotland",Hydrographic surveyor,gregorydavis@example.com,New Davidtown,223.443.5865x03436,27891,wXxvqWOg
Kristen,Hoffman,Counselling psychologist,Newspaper journalist,davidgarza@example.net,Martinland,6926220103,34281,PCq1Rko5
Tammy,Romero,"Engineer, building services","Conservation officer, historic buildings",gonzalezbrandon@example.com,Cookberg,(295)817-1560x52353,95566,zyAoO4Oi
Elizabeth,Kelly,"Surveyor, mining",Industrial/product designer,carrbrian@example.net,West Hollyfurt,292-772-1768,58782,pjLZJtDa
Rachael,Phillips,Futures trader,Web designer,hlopez@example.org,Meganside,001-226-706-3029x8373,8267,Bgqf0Of0
Aaron,Diaz,Logistics and distribution manager,Arts administrator,melissa01@example.org,Lake Jasonview,892-734-2948x78164,86132,1JvyCzeC
Tina,Johnson,Psychotherapist,Management consultant,dsmith@example.org,East Paulberg,+1-306-954-7631x37862,85725,j6Edl06m
Deborah,Ryan,Arts administrator,Psychiatrist,keithkim@example.net,Martinfurt,415-720-1877x562,58607,UGVpUThS
Sheila,Hogan,Building services engineer,"Programme researcher, broadcasting/film/video",ystone@example.org,New Georgeville,578-778-4015,17318,kmBARm5k
Gregory,Welch,Pathologist,Counsellor,ricardosmith@example.com,West Jonathon,5373551871,18033,mlyho5O9
Andrew,Montgomery,"Teacher, special educational needs","Scientist, research (life sciences)",ydaugherty@example.net,North Daniel,001-323-362-4189,69920,vEbEbeSb
Christopher,Mcbride,"Engineer, control and instrumentation",Herpetologist,vbruce@example.com,North Mariafort,986-324-9709x8499,66250,rx8Q4hN5
Robert,Mayer,"Merchandiser, retail",Media planner,johnny72@example.org,East Louis,600.906.9700x060,35987,ce1hZbwU
Daniel,Anderson,Immigration officer,Theatre manager,qbrown@example.com,Samanthatown,001-258-207-9432x476,45073,FP3iyHn6
James,Coleman,"Designer, jewellery",Broadcast journalist,lfarley@example.com,Jesusside,444.946.3027x7532,75084,DBsmmWwG
Susan,Wallace,Commercial/residential surveyor,Marine scientist,erika90@example.net,South Ashleymouth,+1-682-375-1116,87359,snQG1OUq
Regina,Brown,Estate manager/land agent,Health service manager,jenniferwagner@example.net,Anthonyhaven,852-311-6228x65378,31462,mw4aJBRK
Mark,Washington,Bookseller,Patent attorney,dhines@example.org,Jonesmouth,249-947-3089,48659,EsC0fzeN
Bruce,Robertson,Textile designer,Licensed conveyancer,laura08@example.net,Lake Michelleburgh,(243)800-3619x3661,69650,wGmQozPs
Andrea,Lee,Aeronautical engineer,Set designer,kimhoward@example.com,Ethanton,+1-882-739-8199x92065,6745,ykn7IAGb
Haley,Copeland,Chief Operating Officer,Clothing/textile technologist,kendra60@example.com,South Michaelfurt,760-370-3860x64484,89476,6oAVOT3h
Anthony,Robbins,Podiatrist,Forensic psychologist,clarknatalie@example.org,Reyesborough,(787)617-9872x19103,17865,V5wmYdFC
Bobby,Hicks,Health promotion specialist,"Producer, radio",paulamedina@example.net,Christinamouth,(668)702-0877,10506,zKBbKZCL
Jesse,Hill,Intelligence analyst,"Psychotherapist, child",sthompson@example.net,North Amyport,+1-846-238-8346,49062,YIYrUuag
Ryan,Brown,"Administrator, charities/voluntary organisations",Freight forwarder,melendezjohn@example.org,South Rita,(718)573-9762,96624,G2RVVNsn
Chelsea,Gallagher,Retail buyer,Recruitment consultant,bateschristina@example.com,Port Samanthamouth,559-943-2572,77478,8OCAQpWN
Dana,Jones,Production manager,Animator,henryangel@example.org,Ericksonburgh,001-492-676-1609,53712,QWcjwGME
Todd,Smith,Physiotherapist,Visual merchandiser,karengarrett@example.org,Lake Daniel,337-395-3469x08041,17008,WYAPZmWI
Haley,May,Waste management officer,Copy,fwilson@example.com,Ellismouth,001-720-202-1773x14739,17201,cqlqmh5A
Cynthia,Patterson,Heritage manager,Archaeologist,amber99@example.net,Port Philipview,001-415-583-2894x0980,74855,pntL315P
Richard,Rivera,Product designer,Archivist,walkerjames@example.net,Mcgeefort,841.229.2882,90781,XBDUpgnQ
Alexis,Wilson,Restaurant manager,Systems developer,nscott@example.org,North Yvonnechester,+1-308-316-8524,98509,EISJFlod
Elaine,Brock,"Accountant, chartered certified",Museum education officer,ashley65@example.net,Lopeztown,(965)508-8496x89319,37115,IDfcl7qv
Nathan,Torres,Chief Operating Officer,Aeronautical engineer,gonzalezashley@example.net,Davismouth,(413)421-5168,4368,85tUkboT
Stephen,Ashley,Office manager,"Engineer, biomedical",thomascruz@example.org,Christopherville,989.312.5844,18921,YwSVQtcb
Debra,Guerrero,Information systems manager,Homeopath,sara68@example.org,West Adrianton,(875)533-9350x4142,91525,qlBp4oMg
Emily,Smith,Community pharmacist,Manufacturing systems engineer,dnielsen@example.org,Robinsonberg,649.959.9380,44528,agmkn87W
